{
  "x_pred": [
    11.51236343383789,
    26.612123489379883,
    37.192962646484375,
    63.73643493652344,
    85.50080871582031,
    88.86940002441406,
    93.726806640625
  ],
  "y_calibrated": [
    10.0,
    46.0,
    40.0,
    72.0,
    85.0,
    82.5,
    88.33333587646484
  ]
}