{
  "model": "models/bge-m3-finetuned-v18",
  "x_pred": [
    0.9275760650634766,
    4.368707180023193,
    6.154117107391357,
    7.432125091552734,
    8.481649398803711,
    9.807437896728516,
    11.54886245727539,
    12.87256145477295,
    14.454610824584961,
    15.674654006958008,
    16.739849090576172,
    17.776439666748047,
    19.433725357055664,
    21.50502586364746,
    24.007925033569336,
    27.024768829345703,
    29.20547103881836,
    30.978469848632812,
    32.37009811401367,
    33.97340774536133,
    35.41899871826172,
    37.401878356933594,
    39.12242126464844,
    40.986610412597656,
    42.69342803955078,
    44.434471130371094,
    46.166446685791016,
    48.25058364868164,
    50.40399169921875,
    52.87202072143555,
    55.51819610595703,
    57.657814025878906,
    60.28912353515625,
    62.96079635620117,
    67.66926574707031,
    77.44219207763672,
    98.64912414550781,
    100.0,
    100.0,
    100.00001525878906,
    100.00003814697266
  ],
  "y_calibrated": [
    2.0,
    2.25,
    2.25,
    2.25,
    2.450000047683716,
    2.450000047683716,
    4.449999809265137,
    6.099999904632568,
    6.575000047683716,
    6.575000047683716,
    7.0,
    7.9750001430511475,
    7.9750001430511475,
    14.0,
    16.100000381469727,
    22.149999618530273,
    22.149999618530273,
    29.5,
    29.5,
    30.5,
    31.5,
    36.5,
    42.25,
    42.25,
    47.25,
    50.125,
    50.125,
    52.5,
    54.0,
    61.5,
    66.5,
    68.5,
    70.5,
    73.75,
    79.75,
    81.5,
    99.44999694824219,
    100.0,
    100.0,
    100.0,
    100.0
  ]
}