{
  "x_pred": [
    0.347322553396225,
    4.535338401794434,
    8.703828811645508,
    11.902215003967285,
    15.472494125366211,
    18.370695114135742,
    21.50183868408203,
    26.10226058959961,
    30.252817153930664,
    33.68916702270508,
    37.960121154785156,
    42.21105194091797,
    47.69495391845703,
    51.11583709716797,
    54.68916702270508,
    57.727901458740234,
    71.52421569824219,
    83.8947525024414,
    100.0,
    100.0
  ],
  "y_calibrated": [
    2.0,
    2.0,
    3.4285714626312256,
    6.0,
    7.0,
    8.285714149475098,
    11.25,
    23.85714340209961,
    30.285715103149414,
    28.571428298950195,
    34.28571319580078,
    50.85714340209961,
    51.71428680419922,
    57.5,
    58.57143020629883,
    68.57142639160156,
    82.14286041259766,
    80.71428680419922,
    100.0,
    100.0
  ]
}