{
  "x_pred": [
    -1.5913647413253784,
    1.797800064086914,
    6.425866603851318,
    10.411444664001465,
    14.96461009979248,
    16.462799072265625,
    19.17401123046875,
    23.9752197265625,
    27.771717071533203,
    32.22719955444336,
    37.777259826660156,
    43.012943267822266,
    48.29552459716797,
    51.60454559326172,
    54.39542770385742,
    59.64531707763672,
    73.02661895751953,
    87.07643127441406,
    100.0,
    100.0
  ],
  "y_calibrated": [
    2.0,
    2.0,
    2.7142856121063232,
    5.857142925262451,
    8.285714149475098,
    8.571428298950195,
    12.25,
    20.571428298950195,
    27.428571701049805,
    31.428571701049805,
    36.57143020629883,
    48.57143020629883,
    51.71428680419922,
    56.25,
    60.0,
    70.0,
    83.57142639160156,
    79.28571319580078,
    100.0,
    100.0
  ]
}