{
  "x_pred": [
    3.354543447494507,
    8.855321884155273,
    14.422309875488281,
    17.21238136291504,
    21.611804962158203,
    28.518768310546875,
    33.117122650146484,
    38.95703887939453,
    45.59676742553711,
    51.76820373535156,
    60.67450714111328,
    69.42938232421875,
    89.6941909790039,
    100.0,
    100.0,
    100.0,
    100.0,
    100.0,
    100.0,
    100.0
  ],
  "y_calibrated": [
    2.0,
    3.4285714626312256,
    8.714285850524902,
    5.857142925262451,
    12.25,
    21.428571701049805,
    28.571428298950195,
    34.57143020629883,
    48.57143020629883,
    55.0,
    65.71428680419922,
    76.71428680419922,
    92.14286041259766,
    100.0,
    100.0,
    100.0,
    100.0,
    100.0,
    100.0,
    100.0
  ]
}