{
  "x_pred": [
    2.7292580604553223,
    9.766754150390625,
    12.860995292663574,
    15.617587089538574,
    20.38382339477539,
    24.447879791259766,
    30.432512283325195,
    34.3693962097168,
    41.82110595703125,
    50.374359130859375,
    56.09525680541992,
    67.14594268798828,
    83.06255340576172,
    99.19234466552734,
    100.0,
    100.0,
    100.0,
    100.0,
    100.0,
    100.0
  ],
  "y_calibrated": [
    2.7142856121063232,
    4.4285712242126465,
    6.5714287757873535,
    9.285714149475098,
    14.571428298950195,
    25.14285659790039,
    31.428571701049805,
    36.57143020629883,
    41.71428680419922,
    55.25,
    58.57143020629883,
    75.71428680419922,
    86.28571319580078,
    98.57142639160156,
    100.0,
    100.0,
    100.0,
    100.0,
    100.0,
    100.0
  ]
}