{
  "x_pred": [
    -0.23649655282497406,
    3.8596856594085693,
    7.894349098205566,
    12.043458938598633,
    15.414393424987793,
    17.95267677307129,
    22.387226104736328,
    26.09725570678711,
    29.062562942504883,
    33.46552276611328,
    38.17535400390625,
    43.06200408935547,
    48.0081787109375,
    51.10205078125,
    54.770545959472656,
    58.35200881958008,
    72.0018310546875,
    83.55664825439453,
    100.0,
    100.0
  ],
  "y_calibrated": [
    0.7635034471750259,
    2.0,
    2.2857143878936768,
    6.714285850524902,
    7.4285712242126465,
    7.4285712242126465,
    12.625,
    22.428571701049805,
    25.714284896850586,
    32.85714340209961,
    36.0,
    45.06200408935547,
    50.0081787109375,
    53.10205078125,
    56.770545959472656,
    61.35200881958008,
    76.0018310546875,
    82.14286041259766,
    100.0,
    100.0
  ]
}